Title,Author
In blood,Jeffrey Davis
Town building purpose,Michelle Spencer
Story reflect model bad,Nicole Weeks
Just style subject,Jean Frank
Gas drop,Miss Emma Lucas
Green consumer,Kimberly Wiley
Seven area sound size rest,Tracy Riley
Simply maintain almost newspaper guy,Isabella Lucas
Data produce what,Sharon Aguilar
Radio fly author,Stephanie Myers
Billion money gas from,Pamela Taylor
Just themselves school across act,Keith Howell
Including hand kind,William Jackson
Onto reality stand after always,Steven White
Customer life least people laugh,Katherine Hansen
Foot building note,Bailey Carter
Resource star true something,Mary Stanton
Check itself political,Laura Lee
Condition like hot old,Kenneth Harper
Free become economic catch clearly,Lindsey Pierce
Involve full the,Mariah Garcia
Ahead capital none,Erica Brewer
Six describe meet newspaper view,Christine Shannon
Less evidence situation,Abigail Harris
General meeting,Bonnie Morris
Truth themselves unit unit send,Gregory Morrison
Word seem business traditional white,Lisa Caldwell
Staff collection your town,Richard Woodard
Institution stock may stay,Michelle Smith
Serious support,Kevin Jones
